Social Security Number,First Name,Middle Name,Last Name,Suffix,Preferred Name,Display Name,Full Name,Gender,DOB,Age,Marital Status,Date of Marriage,U.S. Citizen,Visa Status,Veteran Status,Military Reserve Status,EEOC,Office,Class,Payroll Group,Division,Department,Business Unit,Benefit Work State,Payroll Work State,Cost Center,Is Collectively Bargained,Job Title,Manager,EEOC Category,Demographic Change Effective Date,Employee ID,Company Name,Payroll ID,Primary Payroll Identifier,Statutory Class,Time Clock ID,Employment Status,Hire Date,Affiliate Hire Date,Original Hire Date,Hired On,Retired,Retired Date,Termination Date,Termination Reason,Terminated On,Annual Review Date,Decision Maker,Is Exempt,Is Full Time,Future Termination Date,Primary Contact,Executive Contact,ACA Classification,Key Employee,Highly Compensated Employee,5%+ Owner,Works Outside U.S.,Leased Employee,Seasonal Employee,Address Type,Address 1,Address 2,Address 3,City,State,County,Zip,Country,Phone (Home),Phone (Personal Cell),Phone (Work/Office Number),Email (Primary),Tobacco User,Tobacco Date,On Wellness Program,Disabled,Medicare Eligible,Medicare Eligible Reason,Medicare Part A Effective Date,Medicare Part B Effective Date,Medicare Part D Effective Date,Height (feet),Height (inches),Weight,Pay Basis,Salary Effective Date,Annual Base Salary,Hourly Rate,Hours per Week,Annual Benefit Salary,Annual Benefit Salary Effective Date,Prior Year W2 Earnings,Salary Review Date,Next Salary Review Date,Pay Frequency,Override Pay Frequency,Ownership Percentage,Employee Compensation Billable,Time Off Package,Username,External Employee Id,HR User,Last Updated,Enrollment Completed,Dependent Sequence Number,
219-77-7783,Amy,,Adams,,,"Adams, Amy",Amy Adams,F,04/13/1994,25,Married,,Yes,,,,,Santa Rosa,Management,Management,,Administration,,,,,No,Office Manager,,,02/14/2018,1175400,Sample Company,,,,,Active,01/01/2017,,10/15/2014,08/12/2015,No,,,,,,Yes,Yes,No,,,,Eligible (Regularly works more than 30 hours a week),No,No,No,No,No,No,Home,100 Stony Point Rd.,Ste. 160,,Santa Rosa,CA,Sonoma County,95401,United States of America,(707) 546-2300,,,techteam@vantreo.com,No,,No,,No,,,,,,,,Salary,08/12/2015,"$78,500.00",,,,,,,,,,,No,,Amyadams,1175400,No,02/14/2018,10/04/2017,,
217-21-5090,Thomas,,Adams,,,"Adams, Thomas",Thomas Adams,M,08/20/1970,48,Single,,Yes,,,,,Santa Rosa,Management,Management,,Customer Service,,,,,No,Customer Service Manager,"Adams,Amy",,02/02/2008,1175402,Sample Company,,,,,Terminated,02/02/2008,,02/02/2008,08/12/2015,No,,11/09/2018,Voluntary Termination (18 months),11/06/2018,,No,Yes,Yes,,,,Eligible (Regularly works more than 30 hours a week),No,No,No,No,No,No,Home,100 Stony Point Rd,,,Santa Rosa,CA,Sonoma County,95401,United States of America,(707) 546-2300,,,Thomas_Adams@SampleCo.com,No,,No,,,,,,,,,,Salary,02/02/2008,"$59,250.00",,,,,,,,,,,No,,,1175402,,11/06/2018,,,
217-22-1030,Mary,,Alverez,,,"Alverez, Mary",Mary Alverez,F,12/26/1975,43,Married,,Yes,,,,,San Francisco,Management,Management,,Customer Service,,,,,No,Customer Service Manager,"Adams,Amy",,04/10/2014,1175388,Sample Company,,,,,Terminated,04/10/2014,,04/10/2014,08/12/2015,No,,11/09/2018,Voluntary Termination (18 months),11/06/2018,,No,Yes,Yes,,,,Eligible (Regularly works more than 30 hours a week),No,No,No,No,No,No,Home,100 Mission St,,,San Francisco,CA,San Francisco County,94105,United States of America,(707) 546-2300,,,Mary_Alverez@SampleCo.com,No,,No,,,,,,,,,,Salary,04/10/2014,"$69,500.00",,,,,,,,,,,No,,,1175388,,11/06/2018,,,
219-77-7781,Seth,,Anderson,,,"Anderson, Seth",Seth Anderson,M,04/08/1990,29,Married,,Yes,,,,,San Francisco,Management,Management,,Administration,,,,,No,Office Manager,"Adams,Amy",,12/01/2014,1175398,Sample Company,,,,,Terminated,08/12/2015,,12/01/2014,08/12/2015,No,,10/22/2018,Voluntary Termination (18 months),10/22/2018,,No,Yes,Yes,,,,Eligible (Regularly works more than 30 hours a week),No,No,No,No,No,No,Home,100 Mission St,,,San Francisco,CA,San Francisco County,94105,United States of America,(707) 546-2300,,,Seth_Anderson@SampleCo.com,No,,No,,,,,,,,,,Salary,08/12/2015,"$83,250.00",,,,,,,,,,,No,,,1175398,,10/22/2018,,,
248-14-9991,Adela,,Antonoczyk,,,"Antonoczyk, Adela",Adela Antonoczyk,F,07/09/1995,23,,,,,,,,,Full Time,Full Time,,,,,,,,,,,,,Sample Company,,,,,Terminated,04/29/2017,,,07/26/2017,,,01/22/2019,Involuntary Termination (18 Months),01/22/2019,,,,,,,,Variable hour,No,No,No,,,,,,,,,,,,,,,,aantonoczykm@wufoo.com,,,,,,,,,,,,,,,,,,,,,,,,,,No,,,6516591,,01/22/2019,,,
219-22-2222,John,,Aqueduct,,,"Aqueduct, John",John Aqueduct,M,03/12/1993,26,Married,,Yes,,,,,Santa Rosa,Full Time,Full Time,,Administration,,,,,No,Administration,"Adams,Amy",,04/15/2014,1175414,Sample Company,,,,,Active,04/15/2014,,04/15/2014,08/12/2015,No,,,,,,No,No,Yes,,,,Variable hour,No,No,No,No,No,No,Home,100 Stony Point Rd,,,Santa Rosa,CA,Sonoma County,95401,United States of America,(707) 546-2300,,,John_Aqueduct@SampleCo.com,No,,No,,,,,,,,,,Hourly,04/15/2014,"$39,520.00",19.00,40,,,,,,,,,No,Sample Company Base Time Off Package,,1175414,,06/27/2016,,,
212-77-7770,Alexandia,,Avenue,,,"Avenue, Alexandia",Alexandia Avenue,M,08/15/1967,51,Married,,Yes,,,,,Santa Rosa,Full Time,Full Time,,Client Management,,,,,No,Client Management,"Adams,Amy",,05/05/2014,1175420,Sample Company,,,,,Active,05/05/2014,,05/05/2014,08/12/2015,No,,,,,,No,No,Yes,,,,Variable hour,No,No,No,No,No,No,Home,100 Stony Point Rd,,,Santa Rosa,CA,Sonoma County,95401,United States of America,(707) 546-2300,,,Alexandia_Avenue@SampleCo.com,No,,No,,,,,,,,,,Hourly,05/05/2014,"$27,040.00",13.00,40,,,,,,,,,No,Sample Company Base Time Off Package,,1175420,,06/27/2016,,,
217-21-6080,Charlie,,Beebee,,,"Beebee, Charlie",Charlie Beebee,M,07/20/1985,33,Married,,Yes,,,,,Santa Rosa,Full Time,Full Time,,Client Management,,,,,No,Client Management,"Adams,Amy",,08/02/2011,1175407,Sample Company,,,,,Active,08/02/2011,,08/02/2011,08/12/2015,No,,,,,,No,No,Yes,,,,Variable hour,No,No,No,No,No,No,Home,100 Stony Point Rd,,,Santa Rosa,CA,Sonoma County,95401,United States of America,(707) 546-2300,,,Charlie_Beebee@SampleCo.com,No,,No,,,,,,,,,,Hourly,08/02/2011,"$35,360.00",17.00,40,,,,,,,,,No,Sample Company Base Time Off Package,,1175407,,06/27/2016,,,
612-11-0189,Deana,,Blazic,,,"Blazic, Deana",Deana Blazic,F,07/04/1954,64,,,,,,,,,Full Time,Full Time,,,,,,,,,"Britner,Betta",,,,Sample Company,,,,,Active,09/16/2016,,,09/16/2016,,,,,,,,,,,,,Variable hour,No,No,No,,,,,,,,,,,,,,,,dblazic7@miitbeian.gov.cn,,,,,,,,,,,,,,,,,,,,,,,,,,No,,,6516576,,01/23/2018,,,
378-20-8787,Betta,,Britner,,,"Britner, Betta",Betta Britner,F,03/31/1969,50,,,,,,,,,Full Time,Full Time,,,,,,,,,,,,,Sample Company,,,,,Active,05/14/2017,,,07/26/2017,,,,,,,,,,,,,Variable hour,No,No,No,,,,,,,,,,,,,,,,bbritnern@wordpress.org,,,,,,,,,,,,,,,,,,,,,,,,,,No,,,6516592,,01/23/2018,,,
354-82-4005,Sosanna,,Buyers,,,"Buyers, Sosanna",Sosanna Buyers,F,08/05/1975,43,,,,,,,,,Full Time,Full Time,,,,,,,,,"Britner,Betta",,,,Sample Company,,,,,Active,02/28/2017,,,02/28/2017,,,,,,,,,,,,,Variable hour,No,No,No,,,,,,,,,,,,,,,,sbuyersi@eepurl.com,,,,,,,,,,,,,,,,,,,,,,,,,,No,,,6516587,,01/23/2018,,,
217-21-5970,Chris,,Capauwano,,,"Capauwano, Chris",Chris Capauwano,M,08/25/1988,30,Single,,Yes,,,,,Santa Rosa,Full Time,Full Time,,Administration,,,,,No,Administration,"Adams,Amy",,04/02/2010,1175405,Sample Company,,,,,Active,04/12/2017,,04/02/2010,08/12/2015,No,,,,,,No,No,Yes,,,,Variable hour,No,No,No,No,No,No,Home,100 Stony Point Rd,,,Santa Rosa,CA,Sonoma County,95401,United States of America,(707) 546-2300,,,Chris_Capauwano@SampleCo.com,No,,No,,,,,,,,,,Hourly,04/02/2010,"$39,520.00",19.00,40,,,,,,,,,No,,,1175405,,04/12/2017,,,
123-49-8765,John,,Carpenter,,,"Carpenter, John",John Carpenter,M,01/01/1980,39,,,,,,,,,Management,Full Time,,,,,California,,,HR Tester,"Britner,Betta",,,,Sample Company,,,,,Terminated,01/03/2018,,01/01/2018,01/08/2018,,,11/09/2018,Voluntary Termination (18 months),11/07/2018,,,,,,,,,No,No,No,,,,Home,,,,,CA,,,,,,,wparks@vantreo.com,,,,,,,,,,,,,Salary,01/01/2018,"$60,000.00",,,,,,,,,,,No,,carpenter_john_12345,7665974,No,11/07/2018,,,
830-69-6234,Arlen,,Catterill,,,"Catterill, Arlen",Arlen Catterill,F,11/29/1999,19,,,,,,,,,Full Time,Full Time,,,,,,,,,,,,,Sample Company,,,,,Active,08/17/2016,,,08/17/2016,,,,,,,,,,,,,Variable hour,No,No,No,,,,Home,100,,,a,CA,,9,,,,,acatterill5@webmd.com,,,,,,,,,,,,,,,,,,,,,,,,,,No,,,6516574,,07/26/2017,,,
012-21-1232,John,,Childs,,,"Childs, John",John Childs,M,03/27/1986,33,Married,,Yes,,,,White,Santa Rosa,Full Time,Full Time,,Client Management,,,,,No,Client Management,"Adams,Amy",,01/05/2016,2151683,Sample Company,,,,,Active,01/05/2016,,01/05/2016,01/05/2016,No,,,,,,No,No,Yes,,,,Variable hour,No,No,No,No,No,No,Home,100 Stony Point Rd,,,Santa Rosa,CA,Sonoma County,95401,United States of America,(707) 546-2300,,,John_Childs@SampleCo.com,No,,No,,,,,,,,,,Hourly,01/05/2016,"$29,120.00",14.00,40,,,,,,,,,No,Sample Company Base Time Off Package,john@genatural.com,2151683,No,06/28/2016,01/05/2016,,
123-45-6805,Clarence,,Climber,,,"Climber, Clarence",Clarence Climber,M,08/02/1967,51,Single,,,,,,,Santa Rosa,Full Time,Full Time,,Client Management,,,,,No,Client Management,"Adams,Amy",,11/17/2015,1754345,Sample Company,,,,,Terminated,11/17/2015,,11/17/2015,11/17/2015,No,,03/08/2017,Voluntary Termination (18 months),03/08/2017,,,No,Yes,,,,Variable hour,No,No,No,No,No,No,Home,100 Stony Point Rd,,,Santa Rosa,CA,Sonoma County,95401,United States of America,(707) 546-2300,,,Clarence_Climber@SampleCo.com,No,,No,,,,,,,,,,Hourly,11/17/2015,"$35,360.00",17.00,40,,,,,,,,,No,,,3614786,,03/08/2017,,,
123-45-6806,John,,Copenhaver,,,"Copenhaver, John",John Copenhaver,M,01/01/1980,39,Single,,,,,,,Santa Rosa,Full Time,Full Time,,Administration,,,,,No,Administration,"Adams,Amy",,,1175412,Sample Company,,,,,Active,03/15/2014,,03/15/2014,03/15/2014,No,,,,,,,No,Yes,,,,Variable hour,No,No,No,No,No,No,Home,100 Stony Point Rd,,,Santa Rosa,CA,Sonoma County,95401,United States of America,(707) 546-2300,,,John_Copenhaver@SampleCo.com,No,,No,,,,,,,,,,Hourly,03/15/2014,"$27,040.00",13.00,40,,,,,,,,,No,Sample Company Base Time Off Package,,3614787,,06/27/2016,,,
217-22-1470,Debbie,,Crowley,,,"Crowley, Debbie",Debbie Crowley,F,12/19/1973,45,Single,,Yes,,,,,Santa Rosa,Full Time,Full Time,,Client Management,,,,,No,Client Management,"Adams,Amy",,07/07/2014,1175423,Sample Company,,,,,Active,07/07/2014,,07/07/2014,08/12/2015,No,,,,,,No,No,Yes,,,,Variable hour,No,No,No,No,No,No,Home,100 Stony Point Rd,,,Santa Rosa,CA,Sonoma County,95401,United States of America,(707) 546-2300,,,Debbie_Crowley@SampleCo.com,No,,No,,,,,,,,,,Hourly,07/07/2014,"$29,120.00",14.00,40,,,,,,,,,No,Sample Company Base Time Off Package,,1175423,,06/27/2016,,,
987-65-4321,HR USER,,DEMO,,,"DEMO, HR USER",HR USER DEMO,M,07/16/1987,31,Single,,Yes,,,,,Santa Rosa,Full Time,Full Time,,Client Management,,,,,No,Client Management,"Adams,Amy",,01/01/2016,3310291,Sample Company,,,,,Active,01/01/2016,,01/01/2016,04/18/2016,No,,,,,,No,No,Yes,,,,Variable hour,No,No,No,No,No,No,Home,100 Stony Point Rd,,,Santa Rosa,CA,Sonoma County,95401,United States of America,(707) 546-2300,,,HRUser_Demo@SampleCo.com,No,,No,,,,,,,,,,Hourly,01/01/2016,"$31,200.00",15.00,40,,,,,,,,,No,Sample Company Base Time Off Package,#sample,3310291,,06/28/2016,,,
512-21-5125,Marcus,,Demopolis,,,"Demopolis, Marcus",Marcus Demopolis,M,01/01/1988,31,,,,,,,,,Full Time,Full Time,,,,,,,,,,,,,Sample Company,,,,,Active,01/01/2019,,,01/17/2019,,,,,,,,,,,,,,No,No,No,,,,Home,,,,,CA,,,,,,,,,,,,,,,,,,,,,,,,,,,,,,,,,No,,,11042207,,01/17/2019,,,
217-22-2570,Kristen,,Duck,,,"Duck, Kristen",Kristen Duck,F,12/08/1966,52,Divorced,,Yes,,,,,Santa Rosa,Full Time,Full Time,,Administration,,,,,No,Administration,"Adams,Amy",,06/01/2016,1175428,Sample Company,,,,,Terminated,02/12/2015,,06/01/2016,06/24/2016,No,,08/09/2016,Involuntary Termination (18 Months),08/09/2016,,No,No,Yes,,,,Variable hour,No,No,No,No,No,No,Home,100 Stony Point Rd,,,Santa Rosa,CA,Sonoma County,95401,United States of America,(707) 546-2300,,,Kristen_Duck@SampleCo.com,No,,No,,,,,,,,,,Hourly,02/12/2015,"$39,520.00",19.00,40,,,,,,,,,No,,,1175428,,08/09/2016,,,
219-33-3333,Bill,,Dunster,,,"Dunster, Bill",Bill Dunster,M,03/13/1975,44,Married,,Yes,,,,,Santa Rosa,Full Time,Full Time,,Client Management,,,,,No,Client Management,"Adams,Amy",,04/15/2014,1175415,Sample Company,,,,,Active,04/15/2014,,04/15/2014,08/12/2015,No,,,,,,No,No,Yes,,,,Variable hour,No,No,No,No,No,No,Home,100 Stony Point Rd,,,Santa Rosa,CA,Sonoma County,95401,United States of America,(707) 546-2300,,,Bill_Dunster@SampleCo.com,No,,No,,,,,,,,,,Hourly,04/15/2014,"$37,440.00",18.00,40,,,,,,,,,No,Sample Company Base Time Off Package,,1175415,,06/27/2016,,,
217-22-1800,Lindsay,,Egloff,,,"Egloff, Lindsay",Lindsay Egloff,F,02/21/1983,36,Single,,Yes,,,,,Santa Rosa,Full Time,Full Time,,Client Management,,,,,No,Client Management,"Adams,Amy",,09/11/2014,1175424,Sample Company,,,,,Active,09/20/2017,,09/11/2014,08/12/2015,No,,,,,,No,No,Yes,,,,Variable hour,No,No,No,No,No,No,Home,100 Stony Point Rd,,,Santa Rosa,CA,Sonoma County,95401,United States of America,(707) 546-2300,,,Lindsay_Egloff@SampleCo.com,No,,No,,,,,,,,,,Hourly,09/11/2014,"$35,360.00",17.00,40,,,,,,,,,No,,,1175424,,09/26/2017,,,
100-23-4456,TEST,,EMPLOYEE,,,"EMPLOYEE, TEST",TEST EMPLOYEE,M,03/01/1971,48,Single,,Yes,,,,,Santa Rosa,Part Time (Not Eligible),Full Time,,Administration,,,,,No,Administration,"Adams,Amy",,06/22/2017,1254859,Sample Company,,,,,Active,08/01/2015,,01/01/2016,01/20/2016,No,,,,,,No,No,Yes,,No,No,Variable hour,No,No,No,No,No,No,Home,100 Stony Point Rd,,,Santa Rosa,CA,Sonoma County,95401,United States of America,(707) 546-2300,,,TEST_EMPLOYEE@SampleCo.com,No,,,,No,,,,,,,,Hourly,06/01/2017,"$41,600.00",20.00,40,,,,,,,,,No,Sample Company Base Time Off Package,,1254859,,06/22/2017,,,
000-12-1212,Tester,,Employee,,,"Employee, Tester",Tester Employee,M,12/12/1912,106,,,,,,,,,Full Time,Full Time,,,,,,,,,,,,,Sample Company,,,,,Terminated,10/01/2016,,,10/19/2016,,,09/30/2016,No Longer Eligible,10/19/2016,,,,,,,,,No,No,No,,,,Home,,,,,CA,,,,,,,,,,,,,,,,,,,,,,,,,,,,,,,,,No,,,4337760,No,10/19/2016,,,
217-21-5200,Tom,,Escobar,,,"Escobar, Tom",Tom Escobar,M,06/20/1987,31,Married,,Yes,,,,,Santa Rosa,Full Time,Full Time,,Client Management,,,,,No,Client Management,"Adams,Amy",,02/02/2008,1175403,Sample Company,,,,,Active,02/02/2008,,02/02/2008,08/12/2015,No,,,,,,No,No,Yes,,,,Variable hour,No,No,No,No,No,No,Home,100 Stony Point Rd,,,Santa Rosa,CA,Sonoma County,95401,United States of America,(707) 546-2300,,,Tom_Escobar@SampleCo.com,No,,No,,,,,,,,,,Hourly,02/02/2008,"$41,600.00",20.00,40,,,,,,,,,No,Sample Company Base Time Off Package,,1175403,,06/27/2016,,,
356-22-0447,Marv,,Fordyce,,,"Fordyce, Marv",Marv Fordyce,M,11/03/1961,57,,,,,,,,,Full Time,Full Time,,,,,,,,,,,,,Sample Company,,,,,Active,09/01/2016,,,09/01/2016,,,,,,,,,,,,,Variable hour,No,No,No,,,,,,,,,,,,,,,,mfordyce6@dailymail.co.uk,,,,,,,,,,,,,,,,,,,,,,,,,,No,,,6516575,,07/26/2017,,,
123-45-6844,Jessica,,Franklin,,,"Franklin, Jessica",Jessica Franklin,F,09/02/1980,38,Single,,,,,,,Santa Rosa,Full Time,Full Time,,Customer Service,,,,,No,Customer Service,"Adams,Amy",,09/22/2015,1346263,Sample Company,,,,,Active,09/22/2015,,09/21/2015,09/21/2015,No,,,,,,,No,No,,,,Variable hour,No,No,No,No,No,No,Home,100 Stony Point Rd,,,Santa Rosa,CA,Sonoma County,95401,United States of America,(707) 546-2300,,,Jessica_Franklin@SampleCo.com,No,,No,,,,,,,,,,Hourly,09/22/2015,"$21,060.00",15.00,27,,,,,,,,,No,Sample Company Base Time Off Package,,3614822,,06/28/2016,,,
515-79-7185,Micheal,,Fruen,,,"Fruen, Micheal",Micheal Fruen,M,04/22/1980,39,,,,,,,,,Part Time (Eligible),Part Time (Eligible),,,,,,,,,,,,,Sample Company,,,,,Active,12/15/2016,,,12/15/2016,,,,,,,,,,,,,Variable hour,No,No,No,,,,,,,,,,,,,,,,mfruend@multiply.com,,,,,,,,,,,,,,,,,,,,,,,,,,No,,,6516582,,07/26/2017,,,
313-93-4031,York,,Gipp,,,"Gipp, York",York Gipp,M,06/08/1987,31,,,,,,,,,Full Time,Full Time,,,,,,,,,,,,,Sample Company,,,,,Active,01/14/2017,,,01/14/2017,,,,,,,,,,,,,Variable hour,No,No,No,,,,,,,,,,,,,,,,ygippf@sourceforge.net,,,,,,,,,,,,,,,,,,,,,,,,,,No,,,6516584,,07/26/2017,,,
789-84-9512,David,,Goliath,,,"Goliath, David",David Goliath,M,01/01/1970,49,,,,,,,,,Full Time,Full Time,,,,,,,,,,,,,Sample Company,,,,,Active,01/23/2018,,,01/23/2018,,,,,,,,,,,,,,No,No,No,,,,Home,,,,,CA,,,,,,,,,,,,,,,,,,,,,,,,,,,,,,,,,No,,,7790952,,01/23/2018,,,
121-56-5190,Hedwig,,Gori,,,"Gori, Hedwig",Hedwig Gori,F,06/22/1979,39,,,,,,,,,Full Time,Full Time,,,,,,,,,,,,,Sample Company,,,,,Terminated,10/31/2016,,,10/31/2016,,,08/06/2017,Voluntary Termination (18 months),09/05/2017,,,,,,,,Variable hour,No,No,No,,,,,,,,,,,,,,,,hgoria@privacy.gov.au,,,,,,,,,,,,,,,,,,,,,,,,,,No,,,6516579,,09/05/2017,,,
219-77-7777,Jill,,Green,,,"Green, Jill",Jill Green,F,11/17/1981,37,Single,,Yes,,,,,Santa Rosa,Full Time,Full Time,,Client Management,,,,,No,Client Management,"Adams,Amy",,02/02/2015,1175394,Sample Company,,,,,Active,08/12/2015,,02/02/2015,08/12/2015,No,,,,,,No,No,Yes,,,,Variable hour,No,No,No,No,No,No,Home,100 Stony Point Rd,,,Santa Rosa,CA,Sonoma County,95401,United States of America,(707) 546-2300,,,Jill_Green@SampleCo.com,No,,No,,,,,,,,,,Hourly,08/12/2015,"$24,960.00",12.00,40,,,,,,,,,No,Sample Company Base Time Off Package,,1175394,,06/27/2016,,,
212-88-8888,Sarah,,Grove,,,"Grove, Sarah",Sarah Grove,F,05/10/1972,46,Married,,Yes,,,,,Santa Rosa,Full Time,Full Time,,Administration,,,,,No,Administration,"Adams,Amy",,02/15/2014,1175408,Sample Company,,,,,Active,02/15/2014,,02/15/2014,08/12/2015,No,,,,,,No,No,Yes,,,,Variable hour,No,No,No,No,No,No,Home,100 Stony Point Rd,,,Santa Rosa,CA,Sonoma County,95401,United States of America,(707) 546-2300,,,Sarah_Grove@SampleCo.com,No,,No,,,,,,,,,,Hourly,02/15/2014,"$43,680.00",21.00,40,,,,,,,,,No,Sample Company Base Time Off Package,,1175408,,06/27/2016,,,
217-22-2240,Julie,,Harper,,,"Harper, Julie",Julie Harper,F,05/07/1993,25,Single,,Yes,,,,,Santa Rosa,Full Time,Full Time,,Client Management,,,,,No,Client Management,"Adams,Amy",,08/01/2017,1175392,Sample Company,,,,,Active,12/08/2014,,12/08/2014,08/12/2015,No,,,,,,No,No,Yes,,,,Variable hour,No,No,No,No,No,No,Home,100 Stony Point Rd,,,Santa Rosa,CA,Sonoma County,95401,United States of America,(707) 546-2300,,,Julie_Harper@SampleCo.com,No,,No,,,,,,,,,,Hourly,12/08/2014,"$31,200.00",15.00,40,,,,,,,,,No,Sample Company Base Time Off Package,,1175392,,09/07/2017,,,
350-28-7400,Lexine,,Hayfield,,,"Hayfield, Lexine",Lexine Hayfield,F,06/09/1952,66,,,,,,,,,Part Time (Eligible),Part Time (Eligible),,,,,,,,,,,,,Sample Company,,,,,Active,01/29/2017,,,01/29/2017,,,,,,,,,,,,,Variable hour,No,No,No,,,,,,,,,,,,,,,,lhayfieldg@multiply.com,,,,,,,,,,,,,,,,,,,,,,,,,,No,,,6516585,,07/26/2017,,,
217-22-1690,Norma,,Heller,,,"Heller, Norma",Norma Heller,F,12/23/1981,37,Single,,Yes,,,,,Santa Rosa,Full Time,Full Time,,Administration,,,,,No,Administration,"Adams,Amy",,08/20/2014,1175390,Sample Company,,,,,Active,08/20/2014,,08/20/2014,08/12/2015,No,,,,,,No,No,Yes,,,,Variable hour,No,No,No,No,No,No,Home,100 Stony Point Rd,,,Santa Rosa,CA,Sonoma County,95401,United States of America,(707) 546-2300,,,Norma_Heller@SampleCo.com,No,,No,,,,,,,,,,Hourly,08/20/2014,"$31,200.00",15.00,40,,,,,,,,,No,Sample Company Base Time Off Package,,1175390,,06/27/2016,,,
213-88-8888,Peter,,Hicks,,,"Hicks, Peter",Peter Hicks,M,09/16/1991,27,Single,,,,,,,Santa Rosa,Full Time,Full Time,,Client Management,,,,,No,Client Management,"Adams,Amy",,,1175409,Sample Company,,,,,Active,02/15/2014,,02/15/2014,02/15/2014,No,,,,,,,No,Yes,,,,Variable hour,No,No,No,No,No,No,Home,100 Stony Point Rd,,,Santa Rosa,CA,Sonoma County,95401,United States of America,(707) 546-2300,,,Peter_Hicks@SampleCo.com,No,,No,,,,,,,,,,Hourly,02/15/2014,"$33,280.00",16.00,40,,,,,,,,,No,Sample Company Base Time Off Package,,3617422,,06/27/2016,,,
219-77-7782,Robyn,,Hood,,,"Hood, Robyn",Robyn Hood,F,08/17/1980,38,Married,,Yes,,,,,Santa Rosa,Full Time,Full Time,,Client Management,,,,,No,Client Management,"Adams,Amy",,11/01/2014,1175399,Sample Company,,,,,Active,08/12/2015,,11/01/2014,08/12/2015,No,,,,,,No,No,Yes,,,,Variable hour,No,No,No,No,No,No,Home,100 Stony Point Rd,,,Santa Rosa,CA,Sonoma County,95401,United States of America,(707) 546-2300,,,Robyn_Hood@SampleCo.com,No,,No,,,,,,,,,,Hourly,08/12/2015,"$27,040.00",13.00,40,,,,,,,,,No,Sample Company Base Time Off Package,,1175399,,06/27/2016,,,
217-22-2790,Cheryl,,Johnson,,,"Johnson, Cheryl",Cheryl Johnson,F,07/05/1969,49,Married,,Yes,,,,,Santa Rosa,Full Time,Full Time,,Client Management,,,,,No,Client Management,"Adams,Amy",,03/28/2015,1175430,Sample Company,,,,,Active,03/28/2015,,03/28/2015,08/12/2015,No,,,,,,No,No,Yes,,,,Variable hour,No,No,No,No,No,No,Home,100 Stony Point Rd,,,Santa Rosa,CA,Sonoma County,95401,United States of America,(707) 546-2300,,,Cheryl_Johnson@SampleCo.com,No,,No,,,,,,,,,,Hourly,03/28/2015,"$31,200.00",15.00,40,,,,,,,,,No,Sample Company Base Time Off Package,,1175430,,06/27/2016,,,
111-12-9999,Jessica,,Jones,,,"Jones, Jessica",Jessica Jones,F,08/01/1985,33,,,,,,,,,Full Time,Full Time,,,,,,,,,,,09/25/2017,,Sample Company,,,,,Active,08/19/2016,,,08/22/2016,,,,,,,,,,,,,Eligible (Regularly works more than 30 hours a week),No,No,No,,,No,Home,,,,,CA,,,,,,,,,,,,,,,,,,,,Salary,08/19/2016,"$65,000.00",,,,,,,,,,,No,Sample Company Base Time Off Package,,3907045,,09/25/2017,09/25/2017,,
218-99-9999,Brian,,Kelley,,,"Kelley, Brian",Brian Kelley,M,04/08/1971,48,Single,,Yes,,,,,Santa Rosa,Full Time,Full Time,,Client Management,,,,,No,Client Management,"Adams,Amy",,03/15/2014,1175413,Sample Company,,,,,Active,03/15/2014,,03/15/2014,08/12/2015,No,,,,,,No,No,Yes,,,,Variable hour,No,No,No,No,No,No,Home,100 Stony Point Rd,,,Santa Rosa,CA,Sonoma County,95401,United States of America,(707) 546-2300,,,Brian_Kelley@SampleCo.com,No,,No,,,,,,,,,,Hourly,03/15/2014,"$24,960.00",12.00,40,,,,,,,,,No,Sample Company Base Time Off Package,,1175413,,06/27/2016,,,
159-19-3654,Brice,,Koppelmann,,,"Koppelmann, Brice",Brice Koppelmann,M,01/01/1950,69,,,,,,,,,Part Time (Eligible),Part Time (Eligible),,,,,,,,,,,,,Sample Company,,,,,Active,06/03/2016,,,06/03/2016,,,,,,,,,,,,,Variable hour,No,No,No,,,,,,,,,,,,,,,,bkoppelmann0@flavors.me,,,,,,,,,,,,,,,,,,,,,,,,,,No,,,6516569,,07/26/2017,,,
217-22-2900,Angel,,Laquort,,,"Laquort, Angel",Angel Laquort,F,09/04/1971,47,Single,,Yes,,,,,Santa Rosa,Full Time,Full Time,,Client Management,,,,,No,Client Management,"Adams,Amy",,04/02/2015,1175431,Sample Company,,,,,Active,04/02/2015,,04/02/2015,08/12/2015,No,,,,,,No,No,Yes,,,,Variable hour,No,No,No,No,No,No,Home,100 Stony Point Rd,,,Santa Rosa,CA,Sonoma County,95401,United States of America,(707) 546-2300,,,Angel_Laquort@SampleCo.com,No,,No,,,,,,,,,,Hourly,04/02/2015,"$31,200.00",15.00,40,,,,,,,,,No,Sample Company Base Time Off Package,,1175431,,06/27/2016,,,
950-27-4747,Hertha,,Laurence,,,"Laurence, Hertha",Hertha Laurence,F,07/31/1966,52,,,,,,,,,Part Time (Eligible),Part Time (Eligible),,,,,,,,,,,,,Sample Company,,,,,Active,08/02/2016,,,08/02/2016,,,,,,,,,,,,,Variable hour,No,No,No,,,,,,,,,,,,,,,,hlaurence4@berkeley.edu,,,,,,,,,,,,,,,,,,,,,,,,,,No,,,6516573,,07/26/2017,,,
362-90-4616,Kamila,,Lawlee,,,"Lawlee, Kamila",Kamila Lawlee,F,11/25/1965,53,,,,,,,,,Part Time (Eligible),Part Time (Eligible),,,,,,,,,,,,,Sample Company,,,,,Active,06/28/2017,,,07/26/2017,,,,,,,,,,,,,Variable hour,No,No,No,,,,,,,,,,,,,,,,klawleeq@auda.org.au,,,,,,,,,,,,,,,,,,,,,,,,,,No,,,6516595,,07/26/2017,,,
876-66-7502,Chic,,MacColl,,,"MacColl, Chic",Chic MacColl,M,07/17/1956,62,Married,,,,,,,,Full Time,Full Time,,,,,,,,,,,,,Sample Company,,,,,Active,12/30/2016,,,12/30/2016,,,,,,,,,,,,,Variable hour,No,No,No,,,,,,,,,,,,,,,,wparks@vantreo.com,,,,,,,,,,,,,Salary,01/08/2018,"$80,000.00",,,,,,,,,,,No,,mccoby@sample.com,6516583,Yes,01/08/2018,,,
111-15-1235,Chris,,Marincik,,,"Marincik, Chris",Chris Marincik,M,04/12/1979,40,,,,,,,,,Full Time,Full Time,,,,,California,,,,,,,,Sample Company,,,,,Active,08/23/2016,,,08/24/2016,,,,,,,,,,,,,Eligible (Regularly works more than 30 hours a week),No,No,No,,,,Home,,,,,CA,,,,,,,test@tester.com,,,,,,,,,,,,,Hourly,08/24/2016,"$31,200.00",15.00,40.00,,,,,,,,,No,Sample Company Base Time Off Package,,3917942,,08/24/2016,,,
246-53-2879,Jayne,,Mc-Kerley,,,"Mc-Kerley, Jayne",Jayne Mc-Kerley,F,11/22/1977,41,,,,,,,,,Full Time,Full Time,,,,,,,,,,,,,Sample Company,,,,,Active,02/13/2017,,,02/13/2017,,,,,,,,,,,,,Variable hour,No,No,No,,,,,,,,,,,,,,,,jmckerleyh@google.com.hk,,,,,,,,,,,,,,,,,,,,,,,,,,No,,,6516586,,07/26/2017,,,
217-22-2460,Stacey,,Mobile,,,"Mobile, Stacey",Stacey Mobile,F,10/14/1968,50,Married,,Yes,,,,,Santa Rosa,Full Time,Full Time,,Client Management,,,,,No,Client Management,"Adams,Amy",,01/21/2015,1175427,Sample Company,,,,,Active,01/21/2015,,01/21/2015,08/12/2015,No,,,,,,No,No,Yes,,,,Variable hour,No,No,No,No,No,No,Home,100 Stony Point Rd,,,Santa Rosa,CA,Sonoma County,95401,United States of America,(707) 546-2300,,,Stacey_Mobile@SampleCo.com,No,,No,,,,,,,,,,Hourly,01/21/2015,"$37,440.00",18.00,40,,,,,,,,,No,Sample Company Base Time Off Package,,1175427,,06/27/2016,,,
213-22-2222,Stevie,,Norman,,,"Norman, Stevie",Stevie Norman,M,01/10/1985,34,Single,,Yes,,,,,Santa Rosa,Full Time,Full Time,,Client Management,,,,,No,Client Management,"Adams,Amy",,05/05/2014,1175419,Sample Company,,,,,Active,05/05/2014,,05/05/2014,08/12/2015,No,,,,,,No,No,Yes,,,,Variable hour,No,No,No,No,No,No,Home,100 Stony Point Rd,,,Santa Rosa,CA,Sonoma County,95401,United States of America,(707) 546-2300,,,Stevie_Norman@SampleCo.com,No,,No,,,,,,,,,,Hourly,05/05/2014,"$29,120.00",14.00,40,,,,,,,,,No,Sample Company Base Time Off Package,,1175419,,06/27/2016,,,
216-99-9999,Rocky,,Othello,,,"Othello, Rocky",Rocky Othello,M,07/10/1987,31,Single,,Yes,,,,,Santa Rosa,Full Time,Full Time,,Client Management,,,,,No,Client Management,"Adams,Amy",,03/15/2014,1175411,Sample Company,,,,,Active,03/15/2014,,03/15/2014,08/12/2015,No,,,,,,No,No,Yes,,,,Variable hour,No,No,No,No,No,No,Home,100 Stony Point Rd,,,Santa Rosa,CA,Sonoma County,95401,United States of America,(707) 546-2300,,,Rocky_Othello@SampleCo.com,No,,No,,,,,,,,,,Hourly,03/15/2014,"$41,600.00",20.00,40,,,,,,,,,No,Sample Company Base Time Off Package,,1175411,,06/27/2016,,,
219-55-5555,Bill,,Overpond,,,"Overpond, Bill",Bill Overpond,M,11/22/1984,34,Married,,Yes,,,,,Santa Rosa,Full Time,Full Time,,Client Management,,,,,No,Client Management,"Adams,Amy",,04/15/2014,1175417,Sample Company,,,,,Active,04/15/2014,,04/15/2014,08/12/2015,No,,,,,,No,No,Yes,,,,Variable hour,No,No,No,No,No,No,Home,100 Stony Point Rd,,,Santa Rosa,CA,Sonoma County,95401,United States of America,(707) 546-2300,,,Bill_Overpond@SampleCo.com,No,,No,,,,,,,,,,Hourly,04/15/2014,"$35,360.00",17.00,40,,,,,,,,,No,Sample Company Base Time Off Package,,1175417,,06/27/2016,,,
540-72-2521,Geoff,,Paddle,,,"Paddle, Geoff",Geoff Paddle,M,11/23/1978,40,,,,,,,,,Part Time (Eligible),Part Time (Eligible),,,,,,,,,,,,,Sample Company,,,,,Active,04/14/2017,,,04/14/2017,,,,,,,,,,,,,Variable hour,No,No,No,,,,,,,,,,,,,,,,gpaddlel@admin.ch,,,,,,,,,,,,,,,,,,,,,,,,,,No,,,6516590,,07/26/2017,,,
217-22-1250,Mary Jane,,Peley,,,"Peley, Mary Jane",Mary Jane Peley,F,05/01/1993,25,Single,,Yes,,,,,Santa Rosa,Full Time,Full Time,,Client Management,,,,,No,Client Management,"Adams,Amy",,05/24/2014,1175421,Sample Company,,,,,Active,05/24/2014,,05/24/2014,08/12/2015,No,,,,,,No,No,Yes,,,,Variable hour,No,No,No,No,No,No,Home,100 Stony Point Rd,,,Santa Rosa,CA,Sonoma County,95401,United States of America,(707) 546-2300,,,Mary Jane_Peley@SampleCo.com,No,,No,,,,,,,,,,Hourly,05/24/2014,"$33,280.00",16.00,40,,,,,,,,,No,Sample Company Base Time Off Package,,1175421,,06/27/2016,,,
217-22-1360,Francis,,Peterson,,,"Peterson, Francis",Francis Peterson,F,04/16/1987,32,Single,,Yes,,,,,Santa Rosa,Full Time,Full Time,,Client Management,,,,,No,Client Management,"Adams,Amy",,06/15/2014,1175422,Sample Company,,,,,Active,06/15/2014,,06/15/2014,08/12/2015,No,,,,,,No,No,Yes,,,,Variable hour,No,No,No,No,No,No,Home,100 Stony Point Rd,,,Santa Rosa,CA,Sonoma County,95401,United States of America,(707) 546-2300,,,Francis_Peterson@SampleCo.com,No,,No,,,,,,,,,,Hourly,06/15/2014,"$39,520.00",19.00,40,,,,,,,,,No,Sample Company Base Time Off Package,,1175422,,06/27/2016,,,
841-77-1153,Anestassia,,Prangnell,,,"Prangnell, Anestassia",Anestassia Prangnell,F,05/10/1969,49,,,,,,,,,Full Time,Full Time,,,,,,,,,,,,,Sample Company,,,,,Active,11/30/2016,,,11/30/2016,,,,,,,,,,,,,Variable hour,No,No,No,,,,,,,,,,,,,,,,aprangnellc@yolasite.com,,,,,,,,,,,,,,,,,,,,,,,,,,No,,,6516581,,07/26/2017,,,
874-67-2428,Salvidor,,Pyle,,,"Pyle, Salvidor",Salvidor Pyle,M,01/23/1988,31,,,,,,,,,Full Time,Full Time,,,,,,,,,,,,,Sample Company,,,,,Active,05/29/2017,,,07/26/2017,,,,,,,,,,,,,Variable hour,No,No,No,,,,,,,,,,,,,,,,spyleo@gravatar.com,,,,,,,,,,,,,,,,,,,,,,,,,,No,,,6516593,,07/26/2017,,,
473-90-7397,Elenore,,Redmain,,,"Redmain, Elenore",Elenore Redmain,F,03/15/1987,32,,,,,,,,,Full Time,Full Time,,,,,,,,,,,,,Sample Company,,,,,Active,11/15/2016,,,11/15/2016,,,,,,,,,,,,,Variable hour,No,No,No,,,,,,,,,,,,,,,,eredmainb@bing.com,,,,,,,,,,,,,,,,,,,,,,,,,,No,,,6516580,,07/26/2017,,,
219-77-7779,Sally,,Ride,,,"Ride, Sally",Sally Ride,F,04/22/1991,28,Married,,Yes,,,,,Santa Rosa,Full Time,Full Time,,Administration,,,,,No,Administration,"Adams,Amy",,03/15/2015,1175396,Sample Company,,,,,Active,08/12/2015,,03/15/2015,08/12/2015,No,,,,,,No,No,Yes,,,,Variable hour,No,No,No,No,No,No,Home,100 Stony Point Rd,,,Santa Rosa,CA,Sonoma County,95401,United States of America,(707) 546-2300,,,Sally_Ride@SampleCo.com,No,,No,,,,,,,,,,Hourly,08/12/2015,"$29,120.00",14.00,40,,,,,,,,,No,Sample Company Base Time Off Package,,1175396,,06/27/2016,,,
346-60-9880,Wendall,,Riseborough,,,"Riseborough, Wendall",Wendall Riseborough,M,11/07/1991,27,,,,,,,,,Full Time,Full Time,,,,,,,,,,,,,Sample Company,,,,,Active,03/30/2017,,,03/30/2017,,,,,,,,,,,,,Variable hour,No,No,No,,,,,,,,,,,,,,,,wriseboroughk@macromedia.com,,,,,,,,,,,,,,,,,,,,,,,,,,No,,,6516589,,07/26/2017,,,
217-22-1910,Amy,,Rose,,,"Rose, Amy",Amy Rose,F,02/04/1978,41,Single,,Yes,,,,,Santa Rosa,Full Time,Full Time,,Administration,,,,,No,Administration,"Adams,Amy",,10/03/2014,1175425,Sample Company,,,,,Active,10/03/2014,,10/03/2014,08/12/2015,No,,,,,,No,No,Yes,,,,Variable hour,No,No,No,No,No,No,Home,100 Stony Point Rd,,,Santa Rosa,CA,Sonoma County,95401,United States of America,(707) 546-2300,,,Amy_Rose@SampleCo.com,No,,No,,,,,,,,,,Hourly,10/03/2014,"$31,200.00",15.00,40,,,,,,,,,No,Sample Company Base Time Off Package,,1175425,,06/27/2016,,,
056-16-0235,Demoman,,Sample,,,"Sample, Demoman",Demoman Sample,M,01/12/1959,60,,,,,,,,,Full Time,Full Time,,,,,,,,,,,,,Sample Company,,,,,Terminated,08/10/2017,,,01/12/2018,,,12/29/2017,Terminated (Not eligible for COBRA),01/12/2018,,,,,,,,Eligible (Regularly works more than 30 hours a week),No,No,No,,,No,Home,123 fake st,,,santa ros,CA,Calaveras County,95402,United States of America,,,,,,,,,,,,,,,,,Salary,08/10/2017,"$42,652.00",,,,,,,,,,,No,,,7704137,,01/12/2018,,,
012-34-5678,JOe,,Sample,,,"Sample, JOe",JOe Sample,M,01/01/1975,44,,,,,,,,,Full Time,Full Time,,,,,,,,,,,,,Sample Company,,,,,Terminated,12/12/2018,,,01/10/2019,,,01/10/2019,Involuntary Termination (18 Months),01/10/2019,,,,,,,,,No,No,No,,,,Home,,,,,CA,,,,,,,,,,,,,,,,,,,,,,,,,,,,,,,,,No,,,10970530,,01/10/2019,,,
123-45-5678,Joe,,Sample,,,"Sample, Joe",Joe Sample,M,01/01/1980,39,,,,,,,,,Full Time,Full Time,,,,,California,,,,,,,,Sample Company,,,,,Active,01/01/2019,,,01/22/2019,,,,,,,,,,,,,,No,No,No,,,,Home,,,,,CA,,,,,,,,,,,,,,,,,,,,,,,,,,,,,,,,,No,,,11113176,,01/22/2019,,,
123-45-1234,Joe,,Sample,,,"Sample, Joe",Joe Sample,M,01/01/1980,39,,,,,,,,,Full Time,Full Time,,,,,California,,,,,,,,Sample Company,,,,,Active,11/01/2018,,,11/07/2018,,,,,,,,,,,,,,No,No,No,,,,Home,,,,,CA,,,,,,,,,,,,,,,,,,,,,,,,,,,,,,,,,No,,,10468960,,11/07/2018,,,
012-45-6789,Joe,,Sample,,,"Sample, Joe",Joe Sample,M,01/01/1980,39,,,,,,,,,Full Time,Full Time,,,,,California,,,,,,,,Sample Company,,,,,Active,01/10/2019,,,01/10/2019,,,,,,,,,,,,,Eligible (Regularly works more than 30 hours a week),No,No,No,,,,Home,,,,,CA,,,,,,,,,,,,,,,,,,,,Hourly,01/10/2019,"$24,960.00",12.00,40.00,,,,,,,,,No,,,10975069,,01/10/2019,,,
111-11-1111,Joe ,,Sample,,,"Sample, Joe ",Joe  Sample,M,01/01/1989,30,,,,,,,,,Full Time,Full Time,,,,,,,,,,,,,Sample Company,,,,,Active,09/20/2017,,03/04/2017,10/26/2017,,,,,,,,,,,,,Eligible (Regularly works more than 30 hours a week),No,No,No,,,,Home,,,,,CA,,,,,,,,,,,,,,,,,,,,,,,,,,,,,,,,,No,,,6518277,,10/26/2017,,,
217-22-2130,Julia,,Scherzer,,,"Scherzer, Julia",Julia Scherzer,F,07/05/1983,35,Married,,Yes,,,,,Santa Rosa,Full Time,Full Time,,Administration,,,,,No,Administration,"Adams,Amy",,11/16/2014,1175391,Sample Company,,,,,Active,11/16/2014,,11/16/2014,08/12/2015,No,,,,,,No,No,Yes,,,,Variable hour,No,No,No,No,No,No,Home,100 Stony Point Rd,,,Santa Rosa,CA,Sonoma County,95401,United States of America,(707) 546-2300,,,Julia_Scherzer@SampleCo.com,No,,No,,,,,,,,,,Hourly,11/16/2014,"$24,960.00",12.00,40,,,,,,,,,No,Sample Company Base Time Off Package,,1175391,,06/27/2016,,,
718-94-7042,Leia,,Schwier,,,"Schwier, Leia",Leia Schwier,F,06/20/1953,65,,,,,,,,,Full Time,Full Time,,,,,,,,,,,,,Sample Company,,,,,Active,06/13/2017,,,07/26/2017,,,,,,,,,,,,,Variable hour,No,No,No,,,,,,,,,,,,,,,,lschwierp@google.co.uk,,,,,,,,,,,,,,,,,,,,,,,,,,No,,,6516594,,07/26/2017,,,
159-00-4621,Claudette,,Sharland,,,"Sharland, Claudette",Claudette Sharland,F,10/07/1984,34,,,,,,,,,Full Time,Full Time,,,,,,,,,,,,,Sample Company,,,,,Active,10/16/2016,,,10/16/2016,,,,,,,,,,,,,Variable hour,No,No,No,,,,,,,,,,,,,,,,csharland9@independent.co.uk,,,,,,,,,,,,,,,,,,,,,,,,,,No,,,6516578,,07/26/2017,,,
217-21-5860,Frank,,Shriver,,,"Shriver, Frank",Frank Shriver,M,11/01/1971,47,Married,,Yes,,,,,Santa Rosa,Full Time,Full Time,,Administration,,,,,No,Administration,"Adams,Amy",,02/02/2010,1175404,Sample Company,,,,,Active,02/02/2010,,02/02/2010,08/12/2015,No,,,,,,No,No,Yes,,,,Variable hour,No,No,No,No,No,No,Home,100 Stony Point Rd,,,Santa Rosa,CA,Sonoma County,95401,United States of America,(707) 546-2300,,,Frank_Shriver@SampleCo.com,No,,No,,,,,,,,,,Hourly,02/02/2010,"$24,960.00",12.00,40,,,,,,,,,No,Sample Company Base Time Off Package,,1175404,,06/27/2016,,,
792-14-0784,Melina,,Simonazzi,,,"Simonazzi, Melina",Melina Simonazzi,F,05/16/1987,31,,,,,,,,,Part Time (Eligible),Part Time (Eligible),,,,,,,,,,,,,Sample Company,,,,,Active,07/18/2016,,,07/18/2016,,,,,,,,,,,,,Variable hour,No,No,No,,,,,,,,,,,,,,,,msimonazzi3@nature.com,,,,,,,,,,,,,,,,,,,,,,,,,,No,,,6516572,,07/26/2017,,,
219-77-7778,Bob,,Smith,,,"Smith, Bob",Bob Smith,M,11/10/1991,27,Married,,Yes,,,,,Santa Rosa,Full Time,Full Time,,Administration,,,,,No,Administration,"Adams,Amy",,03/02/2015,1175395,Sample Company,,,,,Active,08/12/2015,,03/02/2015,08/12/2015,No,,,,,,No,No,Yes,,,,Variable hour,No,No,No,No,No,No,Home,100 Stony Point Rd,,,Santa Rosa,CA,Sonoma County,95401,United States of America,(707) 546-2300,,,Bob_Smith@SampleCo.com,No,,No,,,,,,,,,,Hourly,08/12/2015,"$22,880.00",11.00,40,,,,,,,,,No,Sample Company Base Time Off Package,,1175395,,06/27/2016,,,
123-45-6789,John,,Smith,,,"Smith, John",John Smith,M,01/01/1980,39,Married,,,,,,,,Full Time,Full Time,,,,,,,,,,,,,Sample Company,,,,,Terminated,08/17/2017,,,08/17/2017,,,08/17/2017,Voluntary Termination (18 months),08/17/2017,,,,,,,,Eligible (Regularly works more than 30 hours a week),No,No,No,,,,Home,100 Stony Point Rd,,,Santa Rosa,CA,,95401,,,,,,,,,,,,,,,,,,Salary,08/17/2017,"$60,000.00",,,,,,,,,,,No,,,6635343,,08/17/2017,08/17/2017,,
555-55-5555,Johnny,,Smith,,,"Smith, Johnny",Johnny Smith,M,06/13/1982,36,Single,,Yes,,,,,San Francisco,Part Time (Eligible),Part Time (Eligible),,Customer Service,,,,,No,Customer Service,"Adams,Amy",,08/01/2017,1346259,Sample Company,,,,,Active,09/23/2015,,09/22/2015,09/22/2015,No,,,,,,No,No,No,,,,Variable hour,No,No,No,No,No,No,Home,100 Mission St,,,San Francisco,CA,San Francisco County,94105,United States of America,(707) 546-2300,,,Johnny_Smith@SampleCo.com,No,,No,,,,,,,,,,Hourly,09/23/2015,"$16,016.00",11.00,28,,,,,,,,,No,Sample Company Base Time Off Package,,1346259,,09/07/2017,,,
000-00-0001,Mary,,Smith,,,"Smith, Mary",Mary Smith,F,04/12/1997,22,,,,,,,,,Full Time,Full Time,,,,,California,,,,,,,,Sample Company,,,,,Active,04/12/2017,,,04/12/2017,,,,,,,,,,,,,Eligible (Regularly works more than 30 hours a week),No,No,No,,,,Home,,,,,CA,,,,,,,,,,,,,,,,,,,,,,,,,,,,,,,,,No,,,5965343,,04/12/2017,,,
217-22-3010,Laura,,Sorensen,,,"Sorensen, Laura",Laura Sorensen,F,12/21/1970,48,Married,,Yes,,,,,San Francisco,Part Time (Eligible),Part Time (Eligible),,Customer Service,,,,,No,Customer Service,"Adams,Amy",,04/02/2015,1175393,Sample Company,,,,,Active,04/02/2015,,04/02/2015,08/12/2015,No,,,,,,No,No,No,,,,Variable hour,No,No,No,No,No,No,Home,100 Mission St,,,San Francisco,CA,San Francisco County,94105,United States of America,(707) 546-2300,,,Laura_Sorensen@SampleCo.com,No,,No,,,,,,,,,,Hourly,04/02/2015,"$22,620.00",15.00,29,,,,,,,,,No,Sample Company Base Time Off Package,,1175393,,06/27/2016,,,
260-86-6965,Roobbie,,Spinelli,,,"Spinelli, Roobbie",Roobbie Spinelli,F,09/06/1970,48,,,,,,,,,Full Time,Full Time,,,,,,,,,,,,,Sample Company,,,,,Active,03/15/2017,,,03/15/2017,,,,,,,,,,,,,Variable hour,No,No,No,,,,,,,,,,,,,,,,rspinellij@histats.com,,,,,,,,,,,,,,,,,,,,,,,,,,No,,,6516588,,07/26/2017,,,
217-22-1140,Jane,,Stall,,,"Stall, Jane",Jane Stall,F,09/06/1983,35,Single,,Yes,,,,,San Francisco,Part Time (Eligible),Part Time (Eligible),,Customer Service,,,,,No,Customer Service,"Adams,Amy",,08/12/2015,1175418,Sample Company,,,,,Active,08/12/2015,,08/12/2015,08/12/2015,No,,,,,,No,No,No,,,,Variable hour,No,No,No,No,No,No,Home,100 Mission St,,,San Francisco,CA,San Francisco County,94105,United States of America,(707) 546-2300,,,Jane_Stall@SampleCo.com,No,,No,,,,,,,,,,Hourly,08/12/2015,"$17,472.00",12.00,28,,,,,,,,,No,Sample Company Base Time Off Package,,1175418,,06/27/2016,,,
217-22-2680,Paige,,Stevenson,,,"Stevenson, Paige",Paige Stevenson,F,07/14/1965,53,Married,,Yes,,,,,San Francisco,Part Time (Eligible),Part Time (Eligible),,Customer Service,,,,,No,Customer Service,"Adams,Amy",,03/06/2015,1175429,Sample Company,,,,,Active,03/06/2015,,03/06/2015,08/12/2015,No,,,,,,No,No,No,,,,Variable hour,No,No,No,No,No,No,Home,100 Mission St,,,San Francisco,CA,San Francisco County,94105,United States of America,(707) 546-2300,,,Paige_Stevenson@SampleCo.com,No,,No,,,,,,,,,,Hourly,03/06/2015,"$17,576.00",13.00,26,,,,,,,,,No,Sample Company Base Time Off Package,,1175429,,06/27/2016,,,
219-44-4444,Mike,,Stratton,,,"Stratton, Mike",Mike Stratton,M,02/07/1967,52,Single,,Yes,,,,,San Francisco,Part Time (Eligible),Part Time (Eligible),,Customer Service,,,,,No,Customer Service,"Adams,Amy",,04/15/2014,1175416,Sample Company,,,,,Active,04/15/2014,,04/15/2014,08/12/2015,No,,,,,,No,No,No,,,,Variable hour,No,No,No,No,No,No,Home,100 Mission St,,,San Francisco,CA,San Francisco County,94105,United States of America,(707) 546-2300,,,Mike_Stratton@SampleCo.com,No,,No,,,,,,,,,,Hourly,04/15/2014,"$15,600.00",12.00,25,,,,,,,,,No,Sample Company Base Time Off Package,,1175416,,06/27/2016,,,
123-45-6845,Jose,,Thander,,,"Thander, Jose",Jose Thander,M,01/01/1987,32,Married,,,,,,,Santa Rosa,Part Time (Eligible),Part Time (Eligible),,Customer Service,,,,,No,Customer Service,"Adams,Amy",,,1175386,Sample Company,,,,,Active,02/15/2014,,02/15/2014,02/15/2014,No,,,,,,,No,No,,,,Variable hour,No,No,No,No,No,No,Home,100 Stony Point Rd,,,Santa Rosa,CA,Sonoma County,95401,United States of America,(707) 546-2300,,,Jose_Thander@SampleCo.com,No,,No,,,,,,,,,,Hourly,02/15/2014,"$27,664.00",19.00,28,,,,,,,,,No,Sample Company Base Time Off Package,,3614823,,06/27/2016,,,
181-88-1818,Heather,,Thomas,,,"Thomas, Heather",Heather Thomas,F,09/02/1980,38,Single,,Yes,,,,,Santa Rosa,Part Time (Eligible),Part Time (Eligible),,Customer Service,,,,,No,Customer Service,"Adams,Amy",,09/21/2015,1175604,Sample Company,,,,,Active,09/22/2015,,09/21/2015,09/22/2015,No,,,,,,No,No,No,,,,Variable hour,No,No,No,No,No,No,Home,100 Stony Point Rd,,,Santa Rosa,CA,Sonoma County,95401,United States of America,(707) 546-2300,,,Heather_Thomas@SampleCo.com,No,,No,,,,,,,,,,Hourly,09/22/2015,"$21,060.00",15.00,27,,,,,,,,,No,Sample Company Base Time Off Package,,1346263,,06/27/2016,,,
217-22-2350,Melinda,,Thompson,,,"Thompson, Melinda",Melinda Thompson,F,01/01/1980,39,Married,,Yes,,,,,Santa Rosa,Part Time (Eligible),Part Time (Eligible),,Customer Service,,,,,No,Customer Service,"Adams,Amy",,12/30/2014,1175652,Sample Company,,,,,Active,12/30/2014,,12/30/2014,08/12/2015,No,,,,,,No,No,No,,,,Variable hour,No,No,No,No,No,No,Home,100 Stony Point Rd,,,Santa Rosa,CA,Sonoma County,95401,United States of America,(707) 546-2300,,,Melinda_Thompson@SampleCo.com,No,,No,,,,,,,,,,Hourly,12/30/2014,"$22,620.00",15.00,29,,,,,,,,,No,Sample Company Base Time Off Package,,1175426,,06/27/2016,,,
123-45-6847,Adam,,Underhill,,,"Underhill, Adam",Adam Underhill,M,09/23/1968,50,Single,,Yes,,,,,Santa Rosa,Full Time,Part Time (Eligible),,Customer Service,,,,,No,Customer Service,"Adams,Amy",,12/30/2014,1175426,Sample Company,,,,,Active,12/30/2014,,12/30/2014,12/30/2014,No,,,,,,,No,No,,,,Variable hour,No,No,No,No,No,No,Home,100 Stony Point Rd,,,Santa Rosa,CA,Sonoma County,95401,United States of America,(707) 546-2300,,,Adam_Underhill@SampleCo.com,No,,No,,,,,,,,,,Hourly,12/30/2014,"$22,620.00",15.00,29,,,,,,,,,No,Sample Company Base Time Off Package,,3614824,,02/17/2017,,,
435-97-6085,Innis,,Vaisey,,,"Vaisey, Innis",Innis Vaisey,M,07/02/1967,51,,,,,,,,,Part Time (Eligible),Part Time (Eligible),,,,,,,,,,,,,Sample Company,,,,,Active,10/01/2016,,,10/01/2016,,,,,,,,,,,,,Variable hour,No,No,No,,,,,,,,,,,,,,,,ivaisey8@indiatimes.com,,,,,,,,,,,,,,,,,,,,,,,,,,No,,,6516577,,07/26/2017,,,
123-45-6848,Patrick,,Vale,,,"Vale, Patrick",Patrick Vale,M,01/01/1987,32,Married,,,,,,,Santa Rosa,Part Time (Eligible),Part Time (Eligible),,Customer Service,,,,,No,Customer Service,"Adams,Amy",,,1175397,Sample Company,,,,,Active,08/12/2015,,01/15/2015,01/15/2015,No,,,,,,,No,No,,,,Variable hour,No,No,No,No,No,No,Home,100 Stony Point Rd,,,Santa Rosa,CA,Sonoma County,95401,United States of America,(707) 546-2300,,,Patrick_Vale@SampleCo.com,No,,No,,,,,,,,,,Hourly,08/12/2015,"$16,848.00",12.00,27,,,,,,,,,No,Sample Company Base Time Off Package,,3614825,,06/27/2016,,,
219-77-7780,Jasmine,,Valencia,,,"Valencia, Jasmine",Jasmine Valencia,F,01/01/1982,37,Married,,Yes,,,,,Santa Rosa,Full Time,Full Time,,Customer Service,,,,,No,Customer Service,"Adams,Amy",,08/12/2015,1175631,Sample Company,,,,,Active,08/12/2015,,01/15/2015,08/12/2015,No,,,,,,No,No,No,,,,Variable hour,No,No,No,No,No,No,Home,100 Stony Point Rd,,,Santa Rosa,CA,Sonoma County,95401,United States of America,(707) 546-2300,,,Jasmine_Valencia@SampleCo.com,No,,No,,,,,,,,,,Hourly,08/12/2015,"$16,848.00",12.00,27,,,,,,,,,No,Sample Company Base Time Off Package,,1175397,,06/28/2016,,,
123-45-6849,Peter,,Vincent,,,"Vincent, Peter",Peter Vincent,M,12/13/1967,51,Single,,,,,,,Santa Rosa,Part Time (Eligible),Part Time (Eligible),,Customer Service,,,,,No,Customer Service,"Adams,Amy",,,1175410,Sample Company,,,,,Active,03/15/2014,,03/15/2014,03/15/2014,No,,,,,,,No,No,,,,Variable hour,No,No,No,No,No,No,Home,100 Stony Point Rd,,,Santa Rosa,CA,Sonoma County,95401,United States of America,(707) 546-2300,,,Peter_Vincent@SampleCo.com,No,,No,,,,,,,,,,Hourly,03/15/2014,"$18,928.00",13.00,28,,,,,,,,,No,Sample Company Base Time Off Package,,3614826,,06/27/2016,,,
214-88-8888,Wagner,,Vizio,,,"Vizio, Wagner",Wagner Vizio,M,10/24/1968,50,Married,,Yes,,,,,Santa Rosa,Part Time (Eligible),Part Time (Eligible),,Customer Service,,,,,No,Customer Service,"Adams,Amy",,02/15/2014,1175401,Sample Company,,,,,Terminated,02/02/2008,,02/02/2008,08/12/2015,No,,04/18/2017,Death of Employee,04/18/2017,,No,No,No,,,,Variable hour,No,No,No,No,No,No,Home,100 Stony Point Rd,,,Santa Rosa,CA,Sonoma County,95401,United States of America,(707) 546-2300,,,Wagner_Vizio@SampleCo.com,No,,No,,,,,,,,,,Hourly,02/15/2014,"$27,664.00",19.00,28.00,,,,,,,,,No,,,1175386,,04/18/2017,,,
123-45-6851,Deborah,,Wenger,,,"Wenger, Deborah",Deborah Wenger,F,05/14/1980,38,Married,,,,,,,Santa Rosa,Part Time (Eligible),Part Time (Eligible),,Customer Service,,,,,No,Customer Service,"Adams,Amy",,,1175389,Sample Company,,,,,Active,07/29/2014,,07/29/2014,07/29/2014,No,,,,,,,No,No,,,,Variable hour,No,No,No,No,No,No,Home,100 Stony Point Rd,,,Santa Rosa,CA,Sonoma County,95401,United States of America,(707) 546-2300,,,Deborah_Wenger@SampleCo.com,No,,No,,,,,,,,,,Hourly,07/29/2014,"$22,620.00",15.00,29,,,,,,,,,No,Sample Company Base Time Off Package,,3614828,,06/27/2016,,,
123-45-6855,Cherie,,Wikipedia,,,"Wikipedia, Cherie",Cherie Wikipedia,F,01/27/1971,48,Married,,,,,,,Santa Rosa,Part Time (Eligible),Part Time (Eligible),,Customer Service,,,,,No,Customer Service,"Adams,Amy",,,1175387,Sample Company,,,,,Active,03/19/2014,,03/19/2014,03/19/2014,No,,,,,,,No,No,,,,Variable hour,No,No,No,No,No,No,Home,100 Stony Point Rd,,,Santa Rosa,CA,Sonoma County,95401,United States of America,(707) 546-2300,,,Cherie_Wikipedia@SampleCo.com,No,,No,,,,,,,,,,Hourly,03/19/2014,"$14,300.00",11.00,25,,,,,,,,,No,Sample Company Base Time Off Package,,3614829,,06/27/2016,,,
801-85-3114,Micheil,,Wilds,,,"Wilds, Micheil",Micheil Wilds,M,12/31/1999,19,,,,,,,,,Full Time,Full Time,,,,,,,,,,,,,Sample Company,,,,,Active,06/18/2016,,,06/18/2016,,,,,,,,,,,,,Variable hour,No,No,No,,,,,,,,,,,,,,,,mwilds1@icio.us,,,,,,,,,,,,,,,,,,,,,,,,,,No,,,6516570,,07/26/2017,,,
997-29-3247,Walton,,Willoughey,,,"Willoughey, Walton",Walton Willoughey,M,06/01/1987,31,,,,,,,,,Full Time,Full Time,,,,,,,,,,,,,Sample Company,,,,,Active,07/03/2016,,,07/03/2016,,,,,,,,,,,,,Variable hour,No,No,No,,,,,,,,,,,,,,,,wwilloughey2@creativecommons.org,,,,,,,,,,,,,,,,,,,,,,,,,,No,,,6516571,,07/26/2017,,,